"word";"ceviri";"master";"CreatedAt"
"denote";"belirtmek";"database";"2024-05-31 21:52:26"
"certain";"kesin";"database";"2024-05-31 22:21:34"
"eliminate";"elemek";"database";"2024-05-31 22:22:14"
"discarde";"atmak";"database";"2024-05-31 22:23:19"
"union";"birlik, birleþmek";"database";"2024-05-31 23:49:02"
"abstract";"soyut/ override edilmesi gereken fonksiyon";"oop";"2024-06-01 15:38:00"
"domain";"bir veri türüne karþýlýk gelebilecek deðerler kümesi";"oop";"2024-06-01 16:22:47"
"primitive";"ilkel";"oop";"2024-06-01 16:27:26"
"initialize";"bir sistemi-bileþeni ilk deðerine ayarlamak/ bir sürecin baþlatýlmasý, ilk ayarlarýnýn yapýlmasý";"oop";"2024-06-01 17:14:00"
"implement";"uygulamak";"oop";"2024-06-01 17:17:56"
"inheritance";"kalýtým";"oop";"2024-06-01 17:33:14"
"abstraction";"nesne oluþturmadan sadece kalýtým veren sýnýf";"oop";"2024-06-01 17:40:22"
"instantiate";"örneklendirmek";"oop";"2024-06-01 17:42:26"
"conflict";"anlaþmazlýk";"oop";"2024-06-01 17:44:42"
"observe";"gözlemek";"oop";"2024-06-01 17:45:39"
"constructor";"yapýcý, oluþturucu fonksiyon (nesne)";"oop";"2024-06-02 12:14:19"
"comparison";"karþýlaþtýrma";"oop";"2024-06-02 12:47:02"
"immutable";"deðiþtirilemez";"oop";"2024-06-02 12:56:41"
"enum";"java'da sabit deðerler kümesini temsil eden sýnýf türü";"oop";"2024-06-02 13:24:37"
"static";"oop'de bir veriye ya da bir fonksiyona nesne ihtiyacý olmadan eriþilebilmesi göstergesi";"oop";"2024-06-02 17:56:39"
"iterable";"yinelenebilen, listede gezmeni saðlayan";"oop";"2024-06-02 20:41:49"
"instance";"örnek, misal";"oop";"2024-06-02 20:43:56"
"through";"baþýndan sonuna kadar";"oop";"2024-06-02 20:45:03"
"significante";"önemli";"oop";"2024-06-02 20:45:36"
"contain";"kapsamak, içermek";"oop";"2024-06-02 20:46:13"
"indicate";"belirtmek,göstermek";"oop";"2024-06-02 20:49:29"
"constraint";"kýsýtlama";"oop";"2024-06-02 20:58:11"
"polymorphism";"ayný iþi farklý sýnýflar farklý þekilde yapabilir(overload, overwrite)";"oop";"2024-06-02 21:56:50"
"incorporate";"içermek";"data science";"2024-06-10 04:49:33"
"emerge";"ortaya çýkmak";"data science";"2024-06-10 04:52:41"
"exlporatory";"keþif amaçlý";"data science";"2024-06-10 04:53:37"
"scale";"gerekli kapasite";"data science";"2024-06-10 04:56:28"
"approach";"yaklaþým-yaklaþma";"data science";"2024-06-10 04:57:41"
"encompass";"kapsamak";"data science";"2024-06-10 04:59:19"
"reveal";"ortaya çýkarmak";"data science";"2024-06-10 05:01:41"
"stakeholders";"paydaþlar";"data science";"2024-06-10 05:02:51"
"conclusion";"çözüm";"data science";"2024-06-10 05:03:39"
"aggregating";"toplamak birleþtirmek";"data science";"2024-06-10 05:05:14"
"substantive";"asýl, saðlam";"data science";"2024-06-10 05:08:59"
"appreciating";"takdir etmek";"data science";"2024-06-10 05:10:57"
"scarce";"nadir";"data science";"2024-06-10 05:12:45"
"obtain";"elde etmek";"data science";"2024-06-10 05:13:32"
"strive";"çabalamak";"data science";"2024-06-10 05:14:07"
"wisdom";"bilgelik";"data science";"2024-06-10 05:15:44"
"insight";"derinlemesine anlayýþ, farkýndalýk";"data science";"2024-06-10 05:17:19"
"prediction";"tahmin";"data science";"2024-06-10 05:20:26"
"broad";"geniþ, kalýn";"data science";"2024-06-10 05:21:52"
"distribution";"daðýlým";"data science";"2024-06-10 05:25:32"
"annual";"senelik";"data science";"2024-06-10 05:26:33"
"likehood";"olasýlýk";"data science";"2024-06-10 05:48:46"
"cumulative";"kümülatif, birikimli";"data science";"2024-06-10 06:47:10"
"tendency";"eðilim";"data science";"2024-06-10 06:49:20"
"measure";"ölçü";"data science";"2024-06-10 06:50:05"
"delegate";"temsilci,fonksiyon iþaretçisi";"oop";"2024-06-13 02:33:10"
"interface";"iki sistemin birbiri ile iletiþim kurmasýný saðlayan arayüz/ class kalýbý, formatý";"oop";"2024-06-13 02:39:19"
"seald";"mühürlü, bir classýn miras vermesini engeller";"oop";"2024-06-13 02:44:43"
"final";"metod override edilemez, class miraz alamaz, veri deðiþtirilemez";"oop";"2024-06-13 02:46:41"
"property";"eriþim izin çeþitlerinin genel ismi";"oop";"2024-06-13 02:53:36"
"overload";"Ayný sýnýf farklý parametreler ile fonksiyon yazýmý";"oop";"2024-06-13 02:55:55"
"override";"farklý sýnýflarda (miras vs) ayný fonksiyonun yazýmý";"oop";"2024-06-13 02:56:56"
"composition";"bütün parça iliþkisi, parça bütüne baðýmlý var olabilir";"oop";"2024-06-13 03:36:10"
"aggregation";"bütün parça iliþkisi, parçave bütün birbirlerinden baðýmsýz var olabilir";"oop";"2024-06-13 03:43:35"
"association";"nesneler arasý iliþki";"oop";"2024-06-13 03:48:45"
"injection";"dependancy, baðýmlýlýk";"oop";"2024-06-13 03:49:37"
"base";"c# miras veren";"oop";"2024-06-13 03:50:24"
"driver";"c# miras alan";"oop";"2024-06-13 03:50:40"
"superclass";"java miras veren";"oop";"2024-06-13 03:50:57"
"subclass";"java miras alan";"oop";"2024-06-13 03:51:17"
"virtual";"bir þey var olmadan yazýlým, simülasyon yoluyla oluþma/ override edliebilecek fonksiyon";"oop";"2024-06-13 04:09:02"
"annotation";"dipnot (@Override,@Overload) gibi";"oop";"2024-06-29 14:11:49"
"rectangle";"dikdörtgen";"artificial intelligence";"2024-08-10 11:39:17"
"define";"tanimlamak";"artificial intelligence";"2024-08-10 11:45:55"
"expression";"ifade, gosterim, toplama-cikarma gibi semboller";"artificial intelligence";"2024-08-10 12:02:08"
"interaction";"etkilesim";"artificial intelligence";"2024-08-10 12:03:56"
"hc-append";"yan yana ekleme";"artificial intelligence";"2024-08-10 12:12:13"
"vc-append";"alt alta ekleme";"artificial intelligence";"2024-08-10 12:12:47"
"complexity";"karmasiklik";"artificial intelligence";"2024-08-10 13:14:32"
"iterative";"yinelemeli";"artificial intelligence";"2024-08-10 13:17:16"
"deepening";"derinlesme";"artificial intelligence";"2024-08-10 13:18:01"
"breadth";"genislik";"artificial intelligence";"2024-08-10 13:18:49"
"abort";"programin beklenmedik sekilde durmasi";"data science";"2024-08-11 13:23:02"
"violate";"bir kurali, yasayi cignemek";"data science";"2024-08-11 13:25:02"
"serializability";"birden cok islem ayný anda gerceklesirken bunlari sirali hale sokar";"data science";"2024-08-11 13:28:02"
"several";"birkaç";"data science";"2024-08-11 13:29:24"
"deadlock";"birden fazla islem calisirken devam etmek icin birbirlerini sonsuza kadar beklemesi durumu";"data science";"2024-08-11 13:31:17"
"catastrophe";"buyuk felaket yikim";"data science";"2024-08-11 13:36:29"
"partially";"kýsmen";"data science";"2024-08-11 13:38:01"
"committed";"adanmislik, bir islemin gerceklestirilmesi";"data science";"2024-08-11 13:42:30"
"transaction";"bir dizi islem veya komutun bir butun olarak ele alindigi birim";"data science";"2024-08-11 13:44:35"
"atomicity";"islemin tamami gerceklesir ha da hic gerceklesmez";"data science";"2024-08-11 13:48:01"
"consistency";"veri tabanindaki kisit-ihlal lere uygunluk";"data science";"2024-08-11 13:49:04"
"isolation";"izole olmasi";"data science";"2024-08-11 13:49:39"
"durability";"degisikler islem bitince kalici";"data science";"2024-08-11 13:50:07"
"terminate";"bir islem veya durumun sonlanmasi";"data science";"2024-08-11 13:51:24"
"specify";"bir seyin detayini gereksinimlerini kosullarini acikca acýklamak";"data science";"2024-08-11 14:06:10"
"subsequent";"bir olayin önceki olaydan hemen sonra gerceklestigini belirtir";"data science";"2024-08-11 14:08:05"
"concurrency";"ayni anda birden fazla islemin gerceklesmesi";"data science";"2024-08-11 14:30:34"
"interlaced";"veriler veya bilgiler ic ice gectiklerinde alternatif bir sekilde duzenlenmesi durumu";"data science";"2024-08-11 14:35:14"
"aggregate";"bircok ogeyi veya veriyi bir araya getirip butun olusturmak";"data science";"2024-08-11 14:36:50"
"recovery";"bir bozulma veya kayip durumunda eski duruma dönme cabasi, sureci";"data science";"2024-08-11 14:38:10"
"recessitate";"bir seyi eski haline getirmek yeniden baslatmak";"data science";"2024-08-11 14:39:26"
"insufficient";"bir seyin belirli bir is icin yetirli miktarda bulunmamasi durumu";"data science";"2024-08-11 14:40:28"
"permanently";"kalici olarak";"data science";"2024-08-11 14:44:57"
"rollback";"veri tabaninda bir islemin eski haline dondurulmesi";"data science";"2024-08-11 14:45:35"
"relate";"veri tabaninda tablolar veya veriler arasindaki iliski seklini ifade eder";"data science";"2024-08-11 14:48:57"
"component";"bir butunun parcasi veya bileseni";"data science";"2024-08-11 14:50:19"
"purpose";"amac, hedef";"data science";"2024-08-11 14:50:56"
"participant";"herhangi bir olusum, topluluk icinde bulunan kimse";"data science";"2024-08-11 14:52:24"
"retrive";"geri alýnma, bulunma, elde edilme";"data science";"2024-08-11 14:53:37"
"transition";"bir durum veya asamadan bir baskasina gecme";"data science";"2024-08-11 14:55:53"
"properties";"bir seyin sahip oldugu nitelikler";"data science";"2024-08-11 14:56:59"
"participate";"herhangi bir olusumda yer almak rol ustlenmek";"data science";"2024-08-11 14:58:19"
"cascadeless";"bir islem bitmeden digerini baslatmaz veya bir islemin digerini etkilememesi; dolayisiyla tutarlilik";"data science";"2024-08-11 15:00:58"
"precedence";"islemler arasinda oncelik sirasini belirler";"data science";"2024-08-11 15:02:26"
"anomaly";"olagan disi anormal veriler";"data science";"2024-08-11 15:03:37"
"classification";"verileri gruplara, katagorilere ayirma sureci";"data science";"2024-08-11 15:08:27"
"regression";"hedef degiskeni tahmin etmek icin kullanilan modelleme teknigi";"data science";"2024-08-11 15:10:08"
"bayes";"kosullu olasilik hesabi yapmayi saglayan bir teorem";"data science";"2024-08-11 15:11:15"
"correlation";"degiskenler arasinda bir iliskinin varligi ve orani";"data science";"2024-08-11 15:14:51"
"artifact";"veri toplama veya analiz sirasinda ortaya cikan yaniltici sonuc";"data science";"2024-08-11 15:16:26"
"visualize";"gorsellestirme";"data science";"2024-08-11 15:17:12"
"validate";"verilerin veya sistemlerin dogrulugunu kontrol etme/ doðrulamak";"data science";"2024-08-11 15:19:37"
"accuracy";"dogruluk, kesinlik olcusu";"data science";"2024-08-11 15:20:32"
"precision";"hassasiyet olcusu";"data science";"2024-08-11 15:21:11"
"lineer regression";"surekli bir bagýmlý degiskeni tahmin etmek icin kullanýlan regresyon yontemi";"data science";"2024-08-11 15:26:27"
"logistic regression";"birden fazla katagoriye ayrilmis bagimli degiskenleri siniflandirmak i. k. regresyon yontemi";"data science";"2024-08-11 15:28:23"
"clustering";"kumeleme";"data science";"2024-08-11 15:29:00"
"supervised";"denetimli ogrenme";"data science";"2024-08-11 15:29:32"
"unsupervised";"denetimsiz ogrenme";"data science";"2024-08-11 15:29:41"
"under sampling";"az ornegi olan sinif icin diðer sinifin orneklerini azaltma";"data science";"2024-08-11 15:31:23"
"over sampling";"cok ornegi olan sinif icin diðer sinifin orneklerini cogaltma";"data science";"2024-08-11 15:31:48"
"avoid";"kacinmak";"artificial intelligence";"2024-08-11 16:10:23"
"consume";"harcamak, kullanmak, tüketmek, yok etmek";"artificial intelligence";"2024-08-12 13:53:58"
"compute";"hesaplama, iþlem yapma";"artificial intelligence";"2024-08-12 13:54:56"
"equilateral";"eþkenar";"artificial intelligence";"2024-08-12 14:02:34"
"extract";"bir þeyden para, bilgi, özet, parça çýkarma";"artificial intelligence";"2024-08-12 14:09:47"
"notation";"semboller, iþaretler, yazým kurallarý, alansal gösterim";"artificial intelligence";"2024-08-12 14:34:32"
"implication";"çýkarýmlar, sonuçlar, etkiler/ mantýktaki (ise) önermesi";"artificial intelligence";"2024-08-12 14:39:16"
"concept";"kavram, düþünce, fikir, anlayýþ, konsept";"artificial intelligence";"2024-08-12 14:42:52"
"bound";"sýnýr limit";"artificial intelligence";"2024-08-12 16:22:17"
"identifier";"tanýmlayýcý";"artificial intelligence";"2024-08-12 16:23:45"
"treshold";"bir dinamik islemcinin(compressor vs) sinyal iþlemeye baþlamasý için gereken ses seviyesi";"mix master";"2024-08-13 11:35:45"
"ratio";"kompresörün sinyal üzerinde ne kadar sýkýþtýrma yapacaðýný belirten oran";"mix master";"2024-08-13 11:41:23"
"attack";"bir dinamik islemcinin(compressor vs) sinyal iþlemeye baþlamasý için gereken süre";"mix master";"2024-08-13 11:46:17"
"sidechain";"bir efektin (compressor vs) baþka ses kaynaðýndan gelen sinyale göre tetiklenmesi";"mix master";"2024-08-13 11:48:42"
"relase";"bir dinamik islemcinin(compressor vs) sinyal iþlemeyi durdurmasý için gereken süre";"mix master";"2024-08-13 11:51:04"
"make up gain";"bir dinamik islemci(compressor vs) sonucu kaybedilen sinyal miktarýný telafi için açýlan gain";"mix master";"2024-08-13 11:58:03"
"gain stage";"bir ses sinyalinin girdiði her aþama öncesi sonrasý sinsal seviyesini dikkatle kontrol etme";"mix master";"2024-08-13 13:51:02"
"crucial";"hayati, önemli";"mix master";"2024-08-13 13:52:28"
"overlooked";"gözden kaçýrýþmýþ, ihmal edilmiþ";"mix master";"2024-08-13 13:53:29"
"proper";"doðru, düzgün, profesyonel";"mix master";"2024-08-13 13:56:00"
"plenty";"bol miktarda";"mix master";"2024-08-13 13:56:34"
"prosedure";"prosedür";"mix master";"2024-08-13 13:57:22"
"daw";"prodüksiyon programý(studio one vs)";"mix master";"2024-08-13 13:59:53"
"flow";"akýþ, düzenli hareket";"mix master";"2024-08-13 14:00:46"
"clipping";"ses patlamasý, sinyal maks seviyeyi aþýnca kesilip distorsion'a uðramasý";"mix master";"2024-08-13 14:02:22"
"headroom";"sinyalin maks seviyeye gelmesine kalan alan miktarý";"mix master";"2024-08-13 14:04:43"
"applie";"uygula";"mix master";"2024-08-13 14:53:28"
"generate";"oluþturmak";"mix master";"2024-08-13 14:55:54"
"gear";"müzik aletleri, ekipmanlarý ve teknolojik araçlarý";"mix master";"2024-08-13 14:56:55"
"sample";"projeye baðýmsýz ses dosyasý eklemek(retro pop in rap)/ sanal enstruman için ses örneklemesi";"mix master";"2024-08-13 15:06:24"
"regard";"saygý, ilgi, görüþ";"mix master";"2024-08-13 15:08:41"
"knob";"miktar ayarý yapan yuvarlak tuþ(dönerek ayarlanýr)";"mix master";"2024-08-13 15:14:16"
"fader";"miktar ayarý yapan dikey çizgi tuþ(aþaðý yukarý ayarlanýr)";"mix master";"2024-08-13 15:14:48"
"adjust";"ayarlamak";"mix master";"2024-08-13 15:17:02"
"prevent";"önlemek";"mix master";"2024-08-13 15:17:53"
"metering";"ses seviyelerini, dinamiklerini ve parametrelerini ölçüp görselleþtirme (plugin türü)";"mix master";"2024-08-13 15:21:32"
"spectrum analyzer";"eq tablosu";"mix master";"2024-08-13 15:28:29"
"rely";"güvenmek";"mix master";"2024-08-13 16:51:30"
"overall";"tüm, tam";"mix master";"2024-08-13 16:52:42"
"influence";"etkilemek";"mix master";"2024-08-13 16:53:18"
"despite";"aksine";"mix master";"2024-08-13 16:54:43"
"perceive";"algýlamak";"mix master";"2024-08-13 16:56:41"
"constantly";"sürekli";"mix master";"2024-08-13 16:57:26"
"illustration";"kavram, fikir, hikayeyi görsel þeklide ifade eden resim, foto, video vs";"mix master";"2024-08-13 17:02:34"
"sub-bass";"20-60 Hz aralýðýnda fiziksel anlaþýlan bölge derinlik-enerji-duygusal etki katma bölgesi";"mix master";"2024-08-13 17:16:20"
"approx";"yaklaþýk";"mix master";"2024-08-13 17:18:05"
"amplitude";"genlik yükseklik (dB)";"mix master";"2024-08-13 17:19:29"
"curve";"eðri";"mix master";"2024-08-13 17:20:31"
"perception";"algý";"mix master";"2024-08-13 17:22:28"
"psychoacoustics";"insan kulaðýnýn sesleri algýlamasýný ve beynin iþlemesini araþtýran bilim";"mix master";"2024-08-13 17:25:18"
"rule of thumb";"temel kural";"mix master";"2024-08-13 18:19:24"
"nothc";"çok dar bir frekans aralýðýný azaltmak veya tamamen kesmek";"mix master";"2024-08-13 18:23:16"
"resonance";"bir sesin belirli bir noktada güçlenmesi veya belirgin hale gelmesine denir";"mix master";"2024-08-13 18:24:18"
"conventional";"geleneksel, alýþýlagelen, yaygýn olan, standart";"mix master";"2024-08-13 18:27:08"
"process";"bir þeyin gerçekleþtirilmesi için izlenen adýmlar ve yöntemler bütünü";"mix master";"2024-08-13 18:30:25"
"high-end";"8khz 20khz aralýðýndaki tiz sesleri kapsar('s','t',ziller vs)";"mix master";"2024-08-13 18:42:50"
"mid-range";"250 hz 4 khz aralýðýný kapsar(vokal,gitar,piano vs)";"mix master";"2024-08-13 18:43:30"
"therefore";"bu yüzden bu nedenle";"mix master";"2024-08-13 18:49:35"
"spike";"ani kýsa süreli sinyal artýþý";"mix master";"2024-08-13 19:05:52"
"muddle";"karýþýklýk";"mix master";"2024-08-13 19:07:22"
"predicate";"bir veri üzerinde iþlem yapan, true ya da false döndüren fonksiyon(koþul ölçer)";"artificial intelligence";"2024-08-17 10:30:14"
"recall";"hatýrlamak";"artificial intelligence";"2024-08-17 10:34:51"
"compose";"birleþtirmek";"artificial intelligence";"2024-08-17 10:36:42"
"event";"olay etkinlik";"artificial intelligence";"2024-08-17 10:39:51"
"interactive";"etkileþimli, kullanýcýnýn doðrudan müdahale edebileceði,yanýt alabileceði; bilgisayar, program vs";"artificial intelligence";"2024-08-17 10:42:56"
"tackle";"bir problemi ele almak, baþa çýkmak, üstesinden gelmek";"artificial intelligence";"2024-08-17 10:45:17"
"clarify";"açýklýða kavuþturma, netleþtirme";"artificial intelligence";"2024-08-17 10:46:53"
"aspect";"yön, açý, özellik";"artificial intelligence";"2024-08-17 10:48:07"
"raw";"ham iþlenmemiþ";"artificial intelligence";"2024-08-17 10:49:52"
"suite";"birbirleriyle iliþkisi olan, birbirini tamamlayan bir dizi öðe";"artificial intelligence";"2024-08-17 10:52:02"
"operating system";"iþletim sistemi";"artificial intelligence";"2024-08-17 10:52:58"
"operate";"iþletmek, yönetmek";"artificial intelligence";"2024-08-17 10:53:56"
"keystorke";"klavye üzerinde yapýlan tuþ vuruþlarý";"artificial intelligence";"2024-08-17 10:55:56"
"vein";"benzerlik, ayný tarz (in the same vein)";"artificial intelligence";"2024-08-17 10:57:43"
"conversaley";"tersine, aksine";"artificial intelligence";"2024-08-17 10:59:14"
"accomplish";"baþarmak, tamamlamak, hedefe ulaþmak";"artificial intelligence";"2024-08-17 11:01:21"
"designate";"belirleme, iþaretleme, atama";"artificial intelligence";"2024-08-17 11:06:08"
"present";"sunmak, göstermek";"artificial intelligence";"2024-08-17 11:08:08"
"addition";"ekleme, toplama, ilave etme";"artificial intelligence";"2024-08-17 11:11:26"
"keep track";"takip etmek, izlemek";"artificial intelligence";"2024-08-17 11:12:11"
"track";"iz, yol";"artificial intelligence";"2024-08-17 11:12:32"
"state";"durum, eyalet, belirtmek";"artificial intelligence";"2024-08-17 11:13:24"
"initial";"ilk, baþlangýç";"artificial intelligence";"2024-08-17 11:15:25"
"consist";"oluþmak, ibaret olmak";"artificial intelligence";"2024-08-17 11:16:44"
"clause";"madde þart";"artificial intelligence";"2024-08-17 11:17:28"
"greed";"aç gözlü davranmak";"artificial intelligence";"2024-08-17 13:27:04"
"knapsack";"sýrt çantasý, arama algoritmasý 'açgözlü'";"artificial intelligence";"2024-08-17 13:28:20"
"traverse";"veri yapýlarýnda, aðaçlarda, grafiklerde düðümler arasýnda geçiþ yapma, tüm elemanlarý tarama";"artificial intelligence";"2024-08-17 14:36:01"
"heuristic";"hemen çözüm, kestirim, aç gözlü yaklaþým";"artificial intelligence";"2024-08-17 14:37:12"
"admissible";"kabul edilebilir";"artificial intelligence";"2024-08-17 14:43:39"
"overestimate";"gerçek performansýn üzerinde tahmin, abartý";"artificial intelligence";"2024-08-17 15:29:00"
"arbitrarily";"rastgele, keyfi olarak";"artificial intelligence";"2024-08-17 20:41:08"
"constant";"deðiþmez deðiþken, sabit deðer(int a)";"artificial intelligence";"2024-08-17 20:44:57"
"compound";"farklý veri türlerinin birleþimi olan veri türü/ farklý iþlemlerin oluþturduðu süreç";"artificial intelligence";"2024-08-17 20:54:08"
"produce";"kod-algoritma çýktýsý/ veri üretmek(ai)";"artificial intelligence";"2024-08-17 21:02:28"
"precisely";"açýk olarak, kesinlikle, tam anlamýyla";"artificial intelligence";"2024-08-17 21:04:02"
"suggest";"önermek";"artificial intelligence";"2024-08-17 21:04:52"
"field";"alan, boþluk";"artificial intelligence";"2024-08-17 21:07:25"
"tinker";"ufak tefek tamir, kod üzerinde deneme yapa yapa çalýþmak";"artificial intelligence";"2024-08-18 11:18:52"
"dimension";"boyut, ölçü, boyutlandýrma";"artificial intelligence";"2024-08-18 11:19:52"
"concern";"endiþe, kaygý/ ilgi, alaka/ mesele, konu/ ilgilendirmek";"artificial intelligence";"2024-08-18 11:22:12"
"sequence";"sýra, dizi, ardýþýklýk";"artificial intelligence";"2024-08-18 11:23:51"
"batch";"toplu, grup, yýðýn";"artificial intelligence";"2024-08-18 11:27:48"
"determine";"belirlemek, karar vermek, saptamak";"artificial intelligence";"2024-08-18 11:30:32"
"anticipate";"beklemek, öngörmek, tahmin etmek";"artificial intelligence";"2024-08-18 11:32:28"
"intermezzo";"ara parça, ara müzik";"artificial intelligence";"2024-08-18 11:34:05"
"reinvent";"tekrardan icat etmek";"artificial intelligence";"2024-08-18 11:35:27"
"signature";"imza";"artificial intelligence";"2024-08-18 11:41:28"
"spirit";"ruh, moral, karakter";"artificial intelligence";"2024-08-18 11:43:59"
"objective function";"amaç fonksiyonu";"artificial intelligence";"2024-08-19 15:18:24"
"promote";"teþvik etmek, yükseltmek, desteklemek, tanýtmak";"artificial intelligence";"2024-08-19 15:19:13"
"exhaustive";"kapsamlý, ayrýntýlý";"artificial intelligence";"2024-08-19 15:20:12"
"impilict";"ima edilen, örtük, açýkça ifade edilmeyen";"artificial intelligence";"2024-08-19 18:27:31"
"collaborative";"iþbirlikçi, ortak çalýþmaya dayalý";"artificial intelligence";"2024-08-22 11:57:41"
"repository";"depo, kod deposu";"artificial intelligence";"2024-08-22 12:02:53"
"collaborator";"iþ birlikçi, ortak çalýþan";"artificial intelligence";"2024-08-22 12:08:50"
"resume";"özgeçmiþ";"artificial intelligence";"2024-09-10 09:16:16"
"purchase";"satýn almak";"artificial intelligence";"2024-09-10 09:18:34"
"enhance";"geliþtirmek, yükseltmek, büyütmek";"artificial intelligence";"2024-09-10 10:13:36"
"submission";"teslim, sunma, baþvuru";"artificial intelligence";"2024-09-10 11:56:20"
"tap";"dokunmak, kullanmak";"ibm data analyst";"2024-09-23 08:52:21"
"competitive";"rekabetçi";"ibm data analyst";"2024-09-23 08:53:42"
"initiative";"giriþim";"ibm data analyst";"2024-09-23 08:55:04"
"expand";"geniþletmek";"ibm data analyst";"2024-09-23 08:55:43"
"excellence";"mükemmellik";"ibm data analyst";"2024-09-23 08:56:27"
"multipronged";"çok yönlü";"ibm data analyst";"2024-09-23 08:57:37"
"demand";"talep etmek";"ibm data analyst";"2024-09-23 08:58:52"
"supply";"tedarik, arz, saðlama";"ibm data analyst";"2024-09-23 08:59:43"
"mismatch";"uyumsuzluk";"ibm data analyst";"2024-09-23 09:00:40"
"sought";"aranan, aramak, istemek";"ibm data analyst";"2024-09-23 09:01:44"
"principial";"müdür";"ibm data analyst";"2024-09-23 09:02:33"
"branching";"dallanma";"ibm data analyst";"2024-09-23 09:03:25"
"gain";"kazanmak, kazanç, kar";"ibm data analyst";"2024-09-23 09:04:48"
"entry";"giriþ, girdi, kayýt";"ibm data analyst";"2024-09-23 09:05:36"
"strengthen";"güçlendirmek";"ibm data analyst";"2024-09-23 09:06:32"
"fundamental";"esas, temel, ana";"ibm data analyst";"2024-09-23 09:07:54"
"gather";"toplamak, bir araya getirmek";"ibm data analyst";"2024-09-23 09:08:52"
"wrangling";"veri düzenleme, iþleme";"ibm data analyst";"2024-09-23 09:15:10"
"knowledge";"bilgi, tecrübe";"ibm data analyst";"2024-09-23 09:16:40"
"ensure";"garanti etmek, emin olmak";"ibm data analyst";"2024-09-23 09:24:22"
"bate";"kesmek, kesintiye uðramak";"ibm data analyst";"2024-09-23 09:25:25"
"beget";"doðurmak, yaratmak, yol açmak";"ibm data analyst";"2024-09-23 09:26:43"
"entity";"varlýk, varoluþ, öz";"ibm data analyst";"2024-09-23 09:28:32"
"steady";"sürekli, düzenlü, sabit";"ibm data analyst";"2024-09-23 10:18:46"
"interconnected";"sistemler, veriler, süreçler birbirine baðlý etkileþimli";"ibm data analyst";"2024-09-23 10:22:55"
"continually";"sürekli";"ibm data analyst";"2024-09-23 10:23:48"
"evolve";"geliþmek";"ibm data analyst";"2024-09-23 10:24:37"
"integrate";"birleþtirmek, entegre etmek";"ibm data analyst";"2024-09-23 10:26:48"
"disparate";"farklý, bambaþka";"ibm data analyst";"2024-09-23 10:27:40"
"collaborate";"iþ birliði yapmak";"ibm data analyst";"2024-09-23 10:28:59"
"infrastructure";"altyapý";"ibm data analyst";"2024-09-23 10:30:16"
"disseminate";"yaymak, daðýtmak";"ibm data analyst";"2024-09-23 10:31:43"
"variety";"çeþitlilik, farklýlýk";"ibm data analyst";"2024-09-23 10:33:21"
"reside";"orada bulunmak, ikamet etmek";"ibm data analyst";"2024-09-23 10:35:45"
"stream";"veri akýþý, sürekli üretilen ve iletilen verilerin anlýk olarak iþlenmesi";"ibm data analyst";"2024-09-23 10:37:14"
"diverse";"türlü, çeþitli, farklý";"ibm data analyst";"2024-09-23 10:39:18"
"acquire";"edinmek, kazanmak, sahip olmak";"ibm data analyst";"2024-09-23 10:46:00"
"integrity";"bütünlük, dürüstlük, tamlýk";"ibm data analyst";"2024-09-23 10:47:50"
"conform";"uyum saðlamak, uygun olmak, uymak";"ibm data analyst";"2024-09-23 10:49:16"
"enforce";"uygulamak, zorlamak, yürürlüðe koymak";"ibm data analyst";"2024-09-23 11:03:54"
"guideline";"kýlavuz, rehber";"ibm data analyst";"2024-09-23 11:04:48"
"regulate";"düzenlemek, kontrol etmek";"ibm data analyst";"2024-09-23 11:05:40"
"adhere";"uyum saðlamak, baðlý kalmak, riayet etmek";"ibm data analyst";"2024-09-23 11:07:05"
"enterprise";"iþletme, þirket, giriþim";"ibm data analyst";"2024-09-23 11:09:01"
"adequate";"yeterli, uygun";"ibm data analyst";"2024-09-23 11:12:09"
"pave";"yol döþemek, zemin hazýrlamak";"ibm data analyst";"2024-09-23 11:14:19"
"vast";"çok büyük, kapsamlý";"ibm data analyst";"2024-09-23 11:23:41"
"maintain";"sürdürmek, korumak, devam ettirmek";"ibm data analyst";"2024-09-23 11:26:55"
"utilize";"kullanmak, yararlanmak";"ibm data analyst";"2024-09-23 11:29:14"
"derive";"türetmek, bir þeyden elde etmek";"ibm data analyst";"2024-09-23 11:31:47"
"inspect";"denetlemek, incelemek, gözden geçirmek";"ibm data analyst";"2024-09-23 11:32:28"
"interpret";"yorumlamak, anlamak, çevirmek";"ibm data analyst";"2024-09-23 11:34:08"
"brand";"marka, markalaþmak";"ibm data analyst";"2024-09-23 11:37:06"
"spreadsheet";"tablo, elektronik tablo, hesap tablosu";"ibm data analyst";"2024-09-23 11:44:36"
"chart";"çizelge";"ibm data analyst";"2024-09-23 13:08:43"
"dashboard";"gösterge tablosu";"ibm data analyst";"2024-09-23 13:09:15"
"predictive";"tahmine dayalý, öngörücü";"ibm data analyst";"2024-09-23 13:11:12"
"precentage";"yüzde";"ibm data analyst";"2024-09-23 13:12:27"
"quarter";"çeyrek/ yýlýn dörtte biri/ mahhalle, bölge";"ibm data analyst";"2024-09-23 13:14:32"
"leverage";"avantaj saðlamak, bir durumu güçlendirmek, kaldýraç";"ibm data analyst";"2024-09-23 13:15:57"
"essential";"temel, gerekli, hayati";"ibm data analyst";"2024-09-23 13:31:43"
"indicator";"gösterge, belirti";"ibm data analyst";"2024-09-23 13:33:05"
"diagnostic";"tanýsal, teþhis";"ibm data analyst";"2024-09-23 13:34:04"
"region";"bölge, coðrafi- siyasi alan";"ibm data analyst";"2024-09-23 13:35:27"
"assessment";"deðerlendirme";"ibm data analyst";"2024-09-23 13:36:41"
"forecast";"tahmin, öngörü";"ibm data analyst";"2024-09-23 13:37:21"
"estimate";"tahmin etmek";"ibm data analyst";"2024-09-23 13:39:22"
"basis";"temel, dayanak, esas";"ibm data analyst";"2024-09-23 13:40:24"
"course";"kurs/ yön, rota/ geliþim süreci";"ibm data analyst";"2024-09-23 13:41:39"
"prescriptive";"önerici, kural koyucu";"ibm data analyst";"2024-09-23 13:44:01"
"desire";"istek, arzu";"ibm data analyst";"2024-09-23 13:49:42"
"achieve";"baþarmak, ulaþmak, elde etmek";"ibm data analyst";"2024-09-23 13:50:47"
"demographics";"nüfus yapýsýný, özelliklerini, daðýlýmýný inceleyen istatistikler";"ibm data analyst";"2024-09-23 13:54:54"
"outlier";"aykýrý deðer, veri kümesinde diðerlerinden belirgin þekilde farklý deðer";"ibm data analyst";"2024-09-23 13:56:47"
"evaluate";"deðerlendirmek";"ibm data analyst";"2024-09-23 13:59:07"
"objection";"itiraz";"ibm data analyst";"2024-09-23 14:00:31"
"impact";"etki, darbe";"ibm data analyst";"2024-09-23 14:19:09"
"hypothesis";"hipotez, varsayým";"ibm data analyst";"2024-09-23 14:28:48"
"convey";"iletmek, aktarmak";"ibm data analyst";"2024-09-23 14:30:03"
"dictate";"dikte etmek, belirlemek, emir vermek";"ibm data analyst";"2024-09-23 14:31:46"
"review";"gözden geçirmek, incelemek, deðerlendirmek";"ibm data analyst";"2024-09-23 14:35:12"
"phenomenon";"fenomen, olay, dikkat çeken, incelenmeye deðer olan";"ibm data analyst";"2024-09-23 14:37:52"
"relevant";"ilgili, alakalý";"ibm data analyst";"2024-09-23 14:38:36"
"appeal";"baþvuru, cazibe, çekicilik";"ibm data analyst";"2024-09-23 14:39:54"
"audience";"dinleyici, izleyici, kitle";"ibm data analyst";"2024-09-23 14:40:50"
"interchangeably";"birbirinin yerine, deðiþtirerek";"ibm data analyst";"2024-09-23 14:43:23"
"subtle";"hemen göze çarpmayan, incelikli, belirsiz";"ibm data analyst";"2024-09-23 14:45:02"
"examination";"sýnav, inceleme, deðerlendirme, muayene, analiz";"ibm data analyst";"2024-09-23 14:46:32"
"computational";"hesaplamalý, bilgisayar bilimleri ve matematikle ilgili iþlem, süreç";"ibm data analyst";"2024-09-23 14:48:44"
"whereas";"halbuki, ama, oysa";"ibm data analyst";"2024-09-23 14:49:54"
"invariably";"daima, her zaman, kesinlikle";"ibm data analyst";"2024-09-23 14:51:32"
"imply";"ima etmek, kastetmek";"ibm data analyst";"2024-09-23 14:52:40"
"inference";"çýkarým";"ibm data analyst";"2024-09-23 14:53:56"
"liberal";"özgürlükçü";"ibm data analyst";"2024-09-23 14:58:20"
"title";"baþlýk, ünvan";"ibm data analyst";"2024-09-23 14:59:41"
"intentional";"niyetli, kasýtlý";"ibm data analyst";"2024-09-23 15:00:30"
"vital";"hayati";"ibm data analyst";"2024-09-23 15:12:00"
"vary";"deðiþmek, çeþitlenmek, farklýlýk göstermek";"ibm data analyst";"2024-09-24 08:46:57"
"extent";"kapsam, ölçü, boyut";"ibm data analyst";"2024-09-24 08:49:10"
"adopted";"bir düþünceyi, stratejiyi, yöntemi veya kiþiyi kabul etmek, benimsemek";"ibm data analyst";"2024-09-24 08:51:47"
"practice";"uygulama, pratik, çalýþma";"ibm data analyst";"2024-09-24 08:53:20"
"query";"soru, sorgu, þüpheyi dile getirmek/ sql sorgu";"ibm data analyst";"2024-09-24 08:57:48"
"pattern";"düzen, tekrarlanan yapý, belirli bir sýralama ile oluþan";"ibm data analyst";"2024-09-24 09:01:29"
"appropriate";"uygun, yerinde, doðru";"ibm data analyst";"2024-09-24 09:02:43"
"demonstrate";"göstermek, kanýtlamak, açýklamak";"ibm data analyst";"2024-09-24 09:06:16"
"correspond";"birbiri ile uyumlu olmak, eþleþmek";"ibm data analyst";"2024-09-24 09:07:43"
"proficiency";"yeterlilik seviyesi, beceri düzeyi";"ibm data analyst";"2024-09-24 09:14:59"
"fallacy";"yanýlgý, hatalý düþünce";"ibm data analyst";"2024-09-24 09:16:59"
"articulation";"tanýmlanma, net bir þekilde ifade edilme";"ibm data analyst";"2024-09-24 10:04:17"
"probe";"derinlemesine sorgulamak, incelemek";"ibm data analyst";"2024-09-24 10:05:33"
"ace";"bir konuyu veya iþi mükemmel bir þekilde baþarmak";"ibm data analyst";"2024-09-24 10:11:47"
"soft skills";"teknik bilgi dýþýnda sosyal iliþki becerileri";"ibm data analyst";"2024-09-24 10:13:50"
"collaboratively";"bir grup, takým içinde beraber çalýþma, iþ birlikçi çalýþma";"ibm data analyst";"2024-09-24 10:15:06"
"compelling";"ikna edici, çarpýcý, ilgi çekici, kaçýnýlmaz, zorlayýcý";"ibm data analyst";"2024-09-24 10:18:21"
"above";"üstünde, yukarýda (somut-soyut)";"ibm data analyst";"2024-09-24 10:37:44"
"curious";"meraklý";"ibm data analyst";"2024-09-24 10:38:31"
"stumble";"beklenmedik bir hata yapmak, yanýlmak, takýlmak, düþmek";"ibm data analyst";"2024-09-24 10:39:51"
"surface";"yüzey/ görünümü, yapýsý, belirgin özellikleri belirtir";"ibm data analyst";"2024-09-24 10:42:38"
"assumption";"varsayýlan, önceden kabul edilen durum, inanç";"ibm data analyst";"2024-09-24 10:44:04"
"practicioner";"bilgiye sahip olan ve bilgisini pratiðe döken profesyonel kiþi";"ibm data analyst";"2024-09-24 10:46:36"
"intuition";"hýzlý ve sezgisel anlayýþ/ bilinçaltý, duygu";"ibm data analyst";"2024-09-24 10:49:31"
"forage";"araþtýrmak, toplamak/ yiyecek, kaynak aramak";"ibm data analyst";"2024-09-24 11:02:38"
"spectrum";"çeþitlilik, yelpaze";"ibm data analyst";"2024-09-24 11:12:41"
"credible";"güvenilir, inandýrýcý, doðrulanabilir";"ibm data analyst";"2024-09-24 11:14:31"
"awe";"bir þeyin büyüklüðü, güzelliði, gücü karþýsýnda duyulan hayranlýk, korku (awe of)";"ibm data analyst";"2024-09-24 11:16:53"
"recipient";"bir þeyin alýcýsý, kabul edeni";"ibm data analyst";"2024-09-24 11:18:21"
"utility";"hizmet, fayda";"ibm data analyst";"2024-09-24 11:20:23"
"overbill";"beklenenden fazla fatura";"ibm data analyst";"2024-09-24 11:22:22"
"occurence";"bir olayýn tekrar etmeleri, gerçekleþme sayýsý";"ibm data analyst";"2024-09-24 11:23:58"
"spot";"görmek, fark etmek/ nokta";"ibm data analyst";"2024-09-24 11:28:16"
"usage";"bir þeyin kullaným sýklýðý veya kullaným þekli";"ibm data analyst";"2024-09-24 11:30:39"
"consumption";"tüketim, maliyet";"ibm data analyst";"2024-09-24 11:31:51"
"occur";"meydana gelme, gerçekleþme";"ibm data analyst";"2024-09-24 11:33:24"
"wise";"- ile kullanýldýðýnda baðlamýnda, bazýnda, açýsýndan/ akýllýca";"ibm data analyst";"2024-09-24 11:58:15"
"individual";"birey, örnek, birim";"ibm data analyst";"2024-09-24 12:01:12"
"repetitively";"tekrar tekrar";"ibm data analyst";"2024-09-24 12:01:50"
"sporadic";"ara sýra, daðýnýk";"ibm data analyst";"2024-09-24 12:02:51"
"refute";"çürütmek";"ibm data analyst";"2024-09-24 12:03:58"
"concentration";"yoðunlaþma, odaklanma";"ibm data analyst";"2024-09-24 12:07:07"
"credibility";"güvenilirlik, geçerlilik";"ibm data analyst";"2024-09-24 12:09:37"
"commonality";"benzerlik, paylaþýlan özellik";"ibm data analyst";"2024-09-24 12:11:05"
"commercial";"reklam/ ticari faliyet, ürün, hizmet vs";"ibm data analyst";"2024-09-24 12:13:29"
"wide";"geniþlik, açýklýk, kapsamlýlýk";"ibm data analyst";"2024-09-24 12:15:43"
"headcount";"yoklama yapmak";"ibm data analyst";"2024-09-24 12:17:41"
"pivot";"bir þeyin dönme, deðiþme noktasý, dönüþtürme, yönlendirme";"ibm data analyst";"2024-09-24 12:20:10"
"cater";"bir ihtiyacýn karþýlanmasý, hizmet verilmesi/ yiyecek içecek saðlamak";"ibm data analyst";"2024-09-24 12:21:48"
"sentiment";"duygusal durum, tutum";"ibm data analyst";"2024-09-24 12:22:57"
"besides";"yanýnda, beraberinde";"ibm data analyst";"2024-09-24 12:24:22"
"satellite";"uydu";"ibm data analyst";"2024-09-24 12:25:45"
"span";"kapladýðý boyut, aralýk, uzunluk";"ibm data analyst";"2024-09-24 12:30:25"
"rigid";"katý, esnek olmayan";"ibm data analyst";"2024-09-24 12:37:25"
"neat";"düzenli, sade, temiz";"ibm data analyst";"2024-09-24 12:38:22"
"qualitative";"niteliksel, özelliklere dayalý";"ibm data analyst";"2024-09-24 12:40:29"
"range";"alan, çeþitlilik, kapsam";"ibm data analyst";"2024-09-24 12:42:12"
"comprise";"içermek, oluþmak";"ibm data analyst";"2024-09-24 14:01:46"
"manner";"tarz, tavýr";"ibm data analyst";"2024-09-24 14:08:38"
"fact";"doðrulanabilir, nesnel bilgi, gerçek, doðru bilgi";"ibm data analyst";"2024-09-24 14:12:17"
"lack";"eksiklik, yetersizlik";"ibm data analyst";"2024-09-24 14:14:22"
"underlying";"altta yatan, temel oluþturan, gizli olan";"ibm data analyst";"2024-09-24 14:18:51"
"delimiter";".csv dosyalarýnda satýrlardaki bölümleri ayýrmak için kullanýlan öðe";"ibm data analyst";"2024-09-24 14:29:47"
"along";"boyunca";"ibm data analyst";"2024-09-25 10:15:58"
"along with";"birlikte, ek olarak";"ibm data analyst";"2024-09-25 10:16:25"
"benefit";"avantaj, katký, fayda";"ibm data analyst";"2024-09-25 10:49:18"
"boundary";"sýnýr limit";"ibm data analyst";"2024-09-25 10:51:14"
"literal";"deðiþkene atanan sabit/ gerçek, doðruan";"ibm data analyst";"2024-09-25 10:54:38"
"infrequent";"seyrek, nadir";"ibm data analyst";"2024-09-25 10:58:59"
"header";"baþlýk, etiket";"ibm data analyst";"2024-09-25 11:01:01"
"intersection";"kesiþim noktasý/ kavþak";"ibm data analyst";"2024-09-25 11:09:56"
"malicious";"kötü niyetli, zararlý";"ibm data analyst";"2024-09-25 11:14:32"
"sustain";"sesin bir süre nerdeyse deðiþmeden devam etmesi, uzunluk, sürdürme";"mix master";"2024-09-26 11:10:21"
"overlap";"çakýþma, üst üste binme, örtüþme";"mix master";"2024-09-26 12:32:36"
"subtly";"ince bir þekilde, hafifçe";"mix master";"2024-09-26 12:40:45"
"increase";"arttýrmak";"mix master";"2024-09-26 12:41:40"
"presence";"mevcudiyet, varlýk, duyulabilirlik";"mix master";"2024-09-26 12:42:40"
"occupy";"kaplamak, doldurmak, iþgal etmek";"mix master";"2024-09-26 12:47:35"
"vastly";"çokça, geniþ ölçüde";"mix master";"2024-09-26 12:55:51"
"flat";"düz, genellikle tek bir tablo, liste þeklinde saklanan veri";"ibm data analyst";"2024-09-27 10:09:25"
"api";"farklý yazýlým uygulamalarý arasýnda iletiþim kurmayý saðlayan arayüz";"ibm data analyst";"2024-09-27 11:26:05"
"web scrapping";"bir veb sitesinden veri toplama";"ibm data analyst";"2024-09-27 11:37:30"
"scrap";"hurda";"ibm data analyst";"2024-09-27 11:37:48"
"internal";"iç kýsmý, içsel özellikleri";"ibm data analyst";"2024-09-27 11:48:50"
"workflow";"akýþ, bir iþte görevlerin organizasyonu ve sýralanmasý";"ibm data analyst";"2024-09-27 11:51:57"
"retail";"perakende(ticari amaç gütmeyen son tüketiciye ürün satmak)";"ibm data analyst";"2024-09-27 11:55:57"
"external";"dýþ, dýþ yapý, dýþ etki";"ibm data analyst";"2024-09-27 11:57:24"
"promotion";"kampanya, indirim/ terfi";"ibm data analyst";"2024-09-27 12:00:35"
"plain";"sade, düz, yalýn";"ibm data analyst";"2024-09-27 12:02:57"
"commodity";"ticarette alýnýp satýlan temel ürünler";"ibm data analyst";"2024-09-27 12:10:43"
"co-relating";"veriler arasýndaki iliþkiyi analiz etme süreci";"ibm data analyst";"2024-09-27 12:12:31"
"timestamp";"bir olayýn, verinin ne zaman kaydedildiðini belirten tarih, saat verisi";"ibm data analyst";"2024-09-27 12:20:23"
"surveillance";"izlemek, gözetlemek";"ibm data analyst";"2024-09-30 10:19:23"
"syndication";"verilerin birden fazla platformda daðýtýlmasý, paylaþýlmasý(veri kaynaðý)";"ibm data analyst";"2024-09-30 10:25:51"
"exclusively";"münhasýr, bir þey-kiþi için özel";"ibm data analyst";"2024-09-30 10:30:20"
"portable";"farklý platformlarda-cihazlarda taþýnabilir, çalýþtýrýlabilir";"ibm data analyst";"2024-09-30 10:32:59"
"vendor";"ürün-hizmet saðlayan kiþi, þirket";"ibm data analyst";"2024-09-30 10:34:41"
"extension";"bir yazýlýmýn iþlevselliðini geniþleten ek bileþen, eklenti";"ibm data analyst";"2024-09-30 10:37:24"
"execute";"çalýþtýrmak";"ibm data analyst";"2024-09-30 10:45:57"
"cumbersome";"hantal, kullanýmý zor, verimsiz";"ibm data analyst";"2024-09-30 10:50:01"
"paradigm";"bir alanda genel kabul görmüþ teori, yöntem, bakýþ açýsý";"ibm data analyst";"2024-09-30 10:53:01"
"facilitate";"kolaylaþtýrmak, verimli hale getirmak";"ibm data analyst";"2024-09-30 11:37:21"
"comprehensible";"kolayca anlaþýlabilir olmak";"ibm data analyst";"2024-09-30 11:38:37"
"embed";"bir nesneyi veya kodu baþka bir nesneye veya sisteme yerleþtirmek";"ibm data analyst";"2024-09-30 11:44:21"
"pipeline";"akýþ, bir iþ için izlenecek adýmlar bütünü, sýrasý";"ibm data analyst";"2024-09-30 11:50:01"
"income";"maddi gelir";"ibm data analyst";"2024-09-30 12:08:14"
"dicourage";"cesaretini kýrmak, bir þeyi yapmasýný engellemek";"ibm data analyst";"2024-09-30 12:09:42"
"establish";"temel atmak, kurmak, oluþturmak";"ibm data analyst";"2024-09-30 12:11:18"
"sufficient";"yeterli";"ibm data analyst";"2024-09-30 12:12:53"
"mitigation";"olumsuz etkileri, riskleri azaltmak";"ibm data analyst";"2024-09-30 12:14:24"
"trait";"karakter, kiþilik";"ibm data analyst";"2024-09-30 12:36:47"
"pertain";"ilgili olmak, ait olmak";"ibm data analyst";"2024-09-30 12:38:12"
"governance";"yönetim-denetim biçimi";"ibm data analyst";"2024-09-30 12:39:17"
"confidentiality";"gizlilik";"ibm data analyst";"2024-09-30 12:41:20"
"privacy";"mahremiyet";"ibm data analyst";"2024-09-30 12:41:42"
"compliance";"kurallara uyumluluk";"ibm data analyst";"2024-09-30 12:44:06"
"auditable";"denetlenebilir";"ibm data analyst";"2024-09-30 12:45:28"
"compromise";"sistem-bilgi-veri'nin güvenliðinin tehlikeye girmesi/ uzlaþma";"ibm data analyst";"2024-09-30 12:47:56"
"reliable";"güvenilir, tutarlý";"ibm data analyst";"2024-09-30 12:49:17"
"survey";"anket";"ibm data analyst";"2024-09-30 12:56:19"
"gauge";"miktarý ölçmek, deðerlendirmek";"ibm data analyst";"2024-09-30 12:57:21"
"census";"bir bölgenin nüfusunu, demografik özelliklerini vs toplayan inceleyen istatistik iþlemi";"ibm data analyst";"2024-09-30 13:00:10"
"executive";"yönetici";"ibm data analyst";"2024-09-30 13:01:59"
"interview";"röportaj, görüþme, mülakat";"ibm data analyst";"2024-09-30 13:03:26"
"commerce";"ticaret";"ibm data analyst";"2024-09-30 13:05:03"
"among";"arsýnda, bir grup arasýndaki konum ve iliþkiler";"ibm data analyst";"2024-09-30 13:12:40"
"capture";"kaydetmek, toplamak, esir almak, ele geçirmek";"ibm data analyst";"2024-09-30 13:17:56"
"wrangle";"çekiþmek, kavga/ karmaþýk iþlemler";"ibm data analyst";"2024-09-30 14:20:57"
"latency";"gecikme";"ibm data analyst";"2024-09-30 14:30:36"
"proliferation";"çoðalma, artma, yayýlma";"ibm data analyst";"2024-09-30 14:32:44"
"comprehensive";"kaspsamlý, ayrýntýlý";"ibm data analyst";"2024-09-30 14:35:09"
"consolidate";"farklý bileþenleri bir araya getirmek, güçlendirmek";"ibm data analyst";"2024-09-30 14:39:49"
"redundancy";"fazlalýk, gereksiz tekrar";"ibm data analyst";"2024-09-30 14:44:17"
"restrict";"kýsýtlamak";"ibm data analyst";"2024-09-30 14:45:09"
"govern";"yönetmek";"ibm data analyst";"2024-09-30 14:49:04"
"reduce";"azaltmak";"ibm data analyst";"2024-09-30 14:58:09"
"emphasize";"vurgulamak";"ibm data analyst";"2024-10-07 09:48:43"
"agile";"çevik, atik";"ibm data analyst";"2024-10-07 09:57:00"
"ease of";"zahmetsiz, rahat";"ibm data analyst";"2024-10-11 16:00:54"
"abbreviation";"kýsaltma";"ibm data analyst";"2024-10-11 16:06:32"
"fashion";"moda, alýþýldýk, kabul gören þekil";"ibm data analyst";"2024-10-11 16:13:13"
"pair";"çift";"ibm data analyst";"2024-10-11 16:14:07"
"session";"kullanýcýnýn oturum süresi/ toplantý, aktivite, olay";"ibm data analyst";"2024-10-11 16:18:01"
"cache";"cpu ve bellek arasýndaki küçük bellek çeþidi(hýzlandýrma saðlar)";"ibm data analyst";"2024-10-11 16:20:29"
"within";"içinde";"ibm data analyst";"2024-10-11 16:22:27"
"ad hoc query";"anlýk sorgu, önceden tanýmlanmamýþ tek kullanýmlýk, o an yazýlan özel sorgular";"ibm data analyst";"2024-10-11 16:26:53"
"response";"yanýt, cevap, tepki";"ibm data analyst";"2024-10-11 16:40:55"
"across";"karþýsýnda(somut), arasýnda(soyut), zaman diliminde";"ibm data analyst";"2024-10-11 16:44:18"
"insert";"tabloya veri eklemek, sokmak, yerleþtirmek";"ibm data analyst";"2024-10-11 16:48:06"
"allow";"izin vermek, kabul etmek, olanak tanýmak";"ibm data analyst";"2024-10-11 16:49:07"
"nonetheless";"yine de";"ibm data analyst";"2024-10-11 16:55:46"
"warehouse";"depo, saðýtým merkezi";"ibm data analyst";"2024-10-11 17:33:20"
"opt";"seçmek, tercih etmek";"ibm data analyst";"2024-10-11 17:34:38"
"readily";"kolayca/ hazýr bir þekilde/ gönüllü olarak";"ibm data analyst";"2024-10-11 17:36:07"
"serve";"hizmet etmek, görev yapmak, kullanmak, sunmak";"ibm data analyst";"2024-10-11 17:37:37"
"enabler";"olanak saðlayan, kolaylaþtýrýcý";"ibm data analyst";"2024-10-11 17:38:51"
"enable";"olanak tanýmak, desteklemek, aktive etmek";"ibm data analyst";"2024-10-11 17:39:36"
"mart";"pazar, çarþý";"ibm data analyst";"2024-10-11 17:50:27"
"subsection";"alt bölüm";"ibm data analyst";"2024-10-11 17:52:29"
"native";"doðal, kendi kendine oluþan/ yerli/ platform ya da iþletim sistemi içinde yerel geliþtirilen program";"ibm data analyst";"2024-10-11 18:06:31"
"metatag";"html belgesinin baþlýðý/ taným, açýklama";"ibm data analyst";"2024-10-11 18:10:58"
"retain";"sistemin bilgi-özellik koruma yeteneði/ saklamak/ akýlda tutmak/ alýkoymak";"ibm data analyst";"2024-10-11 18:18:56"
"exclusion";"dýþlanma, hariç tutulma";"ibm data analyst";"2024-10-11 18:20:13"
"stage";"sahnelemei gösterim/ sistemin son testler önceki aþamasý";"ibm data analyst";"2024-10-11 18:22:45"
"advanced";"geliþmiþ, ileri düzey";"ibm data analyst";"2024-10-11 18:24:16"
"generic";"genel, standart, sýradan, dikkat çekmeyen";"ibm data analyst";"2024-10-11 18:27:38"
"chunk";"büyük veri setlerinin küçük parçalarý/ parça, önemli bir miktar";"ibm data analyst";"2024-10-11 18:29:49"
"interval";"aralýk/ mola";"ibm data analyst";"2024-10-11 18:32:38"
"execution";"program çalýþýrken iþlemci tarfýndan verilen talimatlarýn yerine getirilmesi/ uygulamak/ infaz";"ibm data analyst";"2024-10-11 18:35:35"
"populate";"doldurmak, yerleþtirmek, bulunmak";"ibm data analyst";"2024-10-11 19:36:18"
"incremental";"aþamalý artan, büyüyen, geniþleyen";"ibm data analyst";"2024-10-11 19:37:56"
"refresh";"yenilemek, canlandýrmak/ güçlenmek, enerji kazanmak";"ibm data analyst";"2024-10-11 19:39:21"
"content";"içerik, kapsam";"ibm data analyst";"2024-10-11 19:40:39"
"erase";"silmek, unutmak, yok etmek";"ibm data analyst";"2024-10-11 19:41:54"
"verification";"doðrulama, onaylama, kontrol etme";"ibm data analyst";"2024-10-11 19:43:12"
"although";"buna raðmen";"ibm data analyst";"2024-10-11 19:46:23"
"subset";"alt küme, özel katagori";"ibm data analyst";"2024-10-11 19:48:14"
"particularly";"özellikle, bilhassa";"ibm data analyst";"2024-10-11 19:50:49"
"contribute";"katkýda bulunmak";"ibm data analyst";"2024-10-11 20:04:34"
"typically";"genellikle, çoðunlukla, tipik olarak";"ibm data analyst";"2024-10-11 20:19:23"
"provide";"saðlamak";"operating systems";"2024-10-14 11:08:50"
"intermediary";"aracý, iki þey arasýnda iletiþim saðlamak/ ara basamak";"operating systems";"2024-10-14 11:10:46"
"foundation";"temel/ vakýf";"ibm data analyst";"2024-10-13 11:35:16"
"innovantie";"yenilikçi, yaratýcý";"ibm data analyst";"2024-10-13 12:10:18"
"velocity";"hýz";"ibm data analyst";"2024-10-13 12:10:56"
"veracity";"doðruluk, güvenirlik";"ibm data analyst";"2024-10-13 12:11:27"
"accumulate";"biriktirmek, toplamak";"ibm data analyst";"2024-10-13 12:12:13"
"attribute";"nitelik, özellik/ atfetmek, baðlamak";"ibm data analyst";"2024-10-13 12:13:39"
"ambiguity";"belirsizlik/ çift anlamlýlýk";"ibm data analyst";"2024-10-13 12:14:40"
"traceability";"izlenebilirlik, takip edilebilirlik";"ibm data analyst";"2024-10-13 12:15:59"
"debate";"çekiþme, karar verme süreci";"ibm data analyst";"2024-10-13 12:16:47"
"accurate";"doðru, kesin";"ibm data analyst";"2024-10-13 12:17:19"
"devise";"geliþtirmek, tasarlamak, hesaplamak, planlamak";"ibm data analyst";"2024-10-13 12:18:11"
"cope";"baþa çýkmak, üstesinden gelmek";"ibm data analyst";"2024-10-13 12:18:47"
"feasible";"mümkün, uygulanabilir";"ibm data analyst";"2024-10-13 12:20:01"
"enrich";"zenginleþtirmek, geliþtirmek";"ibm data analyst";"2024-10-13 12:21:50"
"strap";"kayýþ, bant/ sýký bir þekilde baðlamak";"ibm data analyst";"2024-10-13 12:28:13"
"consolidating";"birleþtirmek/ güçlendirmek";"ibm data analyst";"2024-10-13 12:29:14"
"congestion";"týkanýklýk, kalabalýklaþma";"ibm data analyst";"2024-10-13 12:30:27"
"throughput";"performans ölçütü, verimlilik, akýþ miktarý";"ibm data analyst";"2024-10-13 12:31:50"
"accommodation";"konaklama, uyum saðlama";"ibm data analyst";"2024-10-13 12:32:38"
"portability";"taþýnabilirlik, uyumluluk";"ibm data analyst";"2024-10-13 12:33:37"
"compatible";"anlaþýlabilir, uyumlu";"ibm data analyst";"2024-10-13 12:34:32"
"versatile";"çok yönlü, farklý iþlerde kullanýlabilen";"ibm data analyst";"2024-10-13 12:36:02"
"archival";"verilerin tarihsel-hukusal korunmasý-saklanmasý ile ilgili süreç";"ibm data analyst";"2024-10-13 12:39:23"
"sub";"program içinde bir iþlev için yazýlan daha küçük kod bloðu/ alt, alt seviye";"ibm data analyst";"2024-10-13 12:41:15"
"sheer";"þeffaf, ince/ tam, kesin";"ibm data analyst";"2024-10-13 12:42:13"
"phaze";"aþama, durum";"ibm data analyst";"2024-10-13 12:42:54"
"outline";"anahat, içerik baþlýklarý";"operating systems";"2024-10-14 14:14:47"
"environment";"çevre, ortamdaki mevcut koþullar";"operating systems";"2024-10-14 14:16:46"
"coverage";"kapsama alaný, sigorta kapsamý";"operating systems";"2024-10-14 14:23:31"
"various";"çeþitli";"operating systems";"2024-10-14 14:26:21"
"complier";"derleyici, kaynak kodunu hedef diline dönüþtüren araç/ toplayýcý";"operating systems";"2024-10-14 14:28:55"
"assembler";"montajcý, düþük seviye programlama dilinde yazýlan kodu makine koduna çeviren araç,/ birleþtirici";"operating systems";"2024-10-14 14:33:39"
"conveniently";"elveriþli, kolay, uygun";"operating systems";"2024-10-14 14:36:43"
"initiate";"baþlatmak, giriþ yapmak";"operating systems";"2024-10-14 14:39:35"
"allocation";"tahsis, daðýtým, paylaþtýrma";"operating systems";"2024-10-14 14:41:04"
"efficient";"verimli, iþlevsel";"operating systems";"2024-10-14 14:41:50"
"vendor ship";"teslimat";"operating systems";"2024-10-14 14:51:30"
"approximation";"yaklaþým, tahmin";"operating systems";"2024-10-14 14:52:53"
"wildly";"aþýrý, kontrolsüz, çýlgýnca";"operating systems";"2024-10-14 14:58:06"
"buffer";"veri akýþý sýrasýnda verilerin geçici olarak depolandýðý yer/ tampon/ yastýk";"operating systems";"2024-10-15 08:21:14"
"inform";"bilgilendirmek, haber vermek";"operating systems";"2024-10-15 08:21:14"
"interrupt";"iþlemciye mevcut iþlemine ara verip öncelikli bir iþleme baþlatantýran sinyal, sözünü kesmek";"operating systems";"2024-10-15 08:21:14"
"preserve";"korumak, saklamak";"operating systems";"2024-10-15 08:21:14"
"respective";"kendi, ilgili";"operating systems";"2024-10-15 08:21:14"
"interrupt vector";"interrupt gerçekleþtiðinde hangi handler'ý çalýþtýracaðýný belirleyen bellek tablosu";"operating systems";"2024-10-15 08:21:14"
"transmit";"iletmek/ að yolu ile iletmek/ bulaþtýrmak";"operating systems";"2024-10-15 08:21:14"
"intervention";"araya girme, müdahale, durdurma";"operating systems";"2024-10-15 08:21:14"
"trap";"software interrupt(yazýlýmsal kesinti)";"operating systems";"2024-10-15 08:21:14"
"instruction";"komut, talimat/ eðitim";"operating systems";"2024-10-15 08:21:14"
"asynchronoys";"baðýmsýz, eþ zamanlý olmayan";"operating systems";"2024-10-15 08:21:14"
"synchronous";"eþ zamanlý, zaman baðlamýnda baðýmlý";"operating systems";"2024-10-15 08:21:14"
"via";"aracýlýðýyla, vasýtasýyla";"operating systems";"2024-10-15 08:21:14"
"bia";"önyargý, taraflýlýk";"ibm data analyst";"2024-10-17 08:37:54"
"source";"kaynak, veri depolanan yer";"ibm data analyst";"2024-10-17 08:39:30"
"peripherals";"pc'ye baðlanan ek harici cihazlar/ çevre birimleri, çevre unsurlarý";"ibm data analyst";"2024-10-17 08:43:18"
"supplement";"ek, ilave, destekleyici unsur";"ibm data analyst";"2024-10-17 08:44:51"
"log";"kayýt/ kütük";"ibm data analyst";"2024-10-17 08:47:51"
"deliver";"teslim etkmek/ bir vaadi yerine getirmek/ doðum yapmak";"ibm data analyst";"2024-10-17 08:50:12"
"downstream";"nehirdeki akýntý yönünde/ sonraki aþamalarda";"ibm data analyst";"2024-10-17 08:51:46"
"replicate";"kopyalamak, tekrarlamak";"ibm data analyst";"2024-10-17 08:55:59"
"add-in";"eklenti, ekstra özellik, ana programa eklenen bileþen";"ibm data analyst";"2024-10-17 09:04:32"
"extend";"bir sistemin özelliklerini, iþlevlerini arttýrmak/ uzatmak, genilþetmek";"ibm data analyst";"2024-10-17 09:08:25"
"simultaneously";"ayný anda, eþ zamanlý";"ibm data analyst";"2024-10-17 09:15:09"
"bulk";"büyük miktarda, hacim miktarý";"ibm data analyst";"2024-10-13 10:02:00"
"merge";"dosyalarýn bir araya getirilip bütün oluþturmalarý, birleþtirmek, kaynaþtýrmak";"ibm data analyst";"2024-10-13 10:02:00"
"join";"dosyalarýn bir koþula baðlý bir araya getirilip bütün oluþturmalarý, birleþtirmek, katýlmak";"ibm data analyst";"2024-10-13 10:02:00"
"normalization";"verilerin düzenlenmesi, optimize edilmesi";"ibm data analyst";"2024-10-13 10:02:00"
"skew";"bir veri daðýlýmýnýn simetrik olmamasý, eðrilik/ etkilemek";"ibm data analyst";"2024-10-13 10:02:00"
"gender";"cinsiyet";"ibm data analyst";"2024-10-13 10:02:00"
"glossary";"bir konuyla ilgili terimlerin ve anlamlarýnýn yer aldýðý sözlük";"ibm data analyst";"2024-10-13 10:02:00"
"explicitly";"açýkça, kesin bir þekilde";"ibm data analyst";"2024-10-17 10:10:01"
"straightforward";"açýk, dürüst";"ibm data analyst";"2024-10-17 10:12:55"
"parse";"çözümleyerek anlamak";"ibm data analyst";"2024-10-17 10:15:14"
"weaken";"zayýflatmak, azaltmak";"ibm data analyst";"2024-10-17 10:16:58"
"inconsistent";"tutarsýz, düzensiz";"ibm data analyst";"2024-10-17 10:57:05"
"intrinsic";"içsel, özünde bulunan, dýþ faktörlerden etkilenmeyen";"ibm data analyst";"2024-10-17 11:03:14"
"anchored";"referans noktasýna göre karar verme, temellendirme/ baðlanmak";"ibm data analyst";"2024-10-17 11:10:08"
"unit";"ölçüm sisteminde temel standart olaran en küçük bileþen/ birim, modül";"ibm data analyst";"2024-10-17 11:13:18"
"rectify";"düzeltmek, iyileþtirmek";"ibm data analyst";"2024-10-17 11:14:26"
"typo";"yazýlým hatasý";"ibm data analyst";"2024-10-17 11:15:31"
"undertake";"üstlenmek, baþlamak";"ibm data analyst";"2024-10-17 11:20:31"
"portion";"kýsým, hisse";"ibm data analyst";"2024-10-17 11:22:21"
"inevitably";"kaçýnýlmaz olarak, kesin";"ibm data analyst";"2024-10-17 11:23:57"
"account";"hesap/ hesaplamak/ sorumlu tutmak";"ibm data analyst";"2024-10-17 11:28:50"
"ledge";"raf, çýkýntý";"ibm data analyst";"2024-10-17 11:30:03"
"revenue";"gelir, kazanç, hasýlat";"ibm data analyst";"2024-10-17 11:37:05"
"drastically";"ani bir þekilde/ köklü olarak";"ibm data analyst";"2024-10-17 11:38:28"
"redundant";"gereksiz, fazladan";"ibm data analyst";"2024-10-17 11:45:16"
"profile";"bilgi içeren kayýt, kiþisel bilgi/ tanýtmak, tanýtým";"ibm data analyst";"2024-10-17 11:46:56"
"tempt";"özendirmek, baþtan çýkarmak";"ibm data analyst";"2024-10-17 12:48:16"
"built-in";"sistemde yerleþik bulunan özellik";"ibm data analyst";"2024-10-17 12:50:07"
"data dump";"tüm verilerin tek seferde aktarýlmasý, veri yedeði";"ibm data analyst";"2024-10-17 12:51:37"
"deliberate";"kasýtlý, dikkatli";"ibm data analyst";"2024-10-17 12:54:39"
"narrative";"hikaye, anlatým tarzý";"ibm data analyst";"2024-10-17 12:55:36"
"summary";"özet, kýsa bilgi";"ibm data analyst";"2024-10-17 13:00:31"
"grasp";"kavramak/ tutmak";"ibm data analyst";"2024-10-17 13:01:36"
"concise";"özlü, kýsa, net";"ibm data analyst";"2024-10-17 13:04:41"
"coherent";"tutarlý, anlaþýlýr";"ibm data analyst";"2024-10-17 13:05:35"
"resonate";"etkilemek, derin duygusal etki býrakmak/ yanký";"ibm data analyst";"2024-10-17 13:09:03"
"pitch";"bir fikrin kýsa sürede tanýtýlmasý(jürilere vs)/ ses yüksekliði";"ibm data analyst";"2024-10-17 13:11:14"
"interpretation";"yorum açýklama, tercüme";"ibm data analyst";"2024-10-17 13:15:42"
"decipher";"çözmek, anlamlandýrmak, þifreyi çözmek";"ibm data analyst";"2024-10-17 13:16:48"
"overarching";"anafikir, kapsayýcý";"ibm data analyst";"2024-10-17 13:20:03"
"conversion";"kullanýcýnýn belirli bir hedefi gerçekleþtirmesi(ürün satýn almasý)/ dönüþüm, deðiþtirme";"ibm data analyst";"2024-10-17 13:26:29"
"campaign";"kampanya/ seferberlik";"ibm data analyst";"2024-10-17 13:27:15"
"comprehend";"anlamak, kavramak";"ibm data analyst";"2024-10-19 11:09:23"
"quantitative";"bir þeyin sayýlarla veya ölçülebilir deðerlerle ifade edilebilmesi";"ibm data analyst";"2024-10-21 16:28:44"
"production";"mal veya hizmetlerin oluþturulma süreci";"ibm data analyst";"2024-10-21 16:28:44"
"vaccine";"aþý, bir þeyi koruma önleme amacýyla alýnan önlemler";"ibm data analyst";"2024-10-21 16:28:44"
"efficacy";"etkililik, baþarý oraný";"ibm data analyst";"2024-10-21 16:28:44"
"churn";"sürekli deðiþim/ sývý ya da malzemenin karýþmasý, dönmesi";"ibm data analyst";"2024-10-21 16:28:44"
"scrutinize";"dikkatle incelemek, yakýndan incelemek";"ibm data analyst";"2024-10-21 16:28:44"
"discrete";"ayrýk, baðýmsýz";"ibm data analyst";"2024-10-21 16:28:44"
"remain";"ayný durumda kalmak, deðiþiklik göstermemek, geride kalmak";"operating systems";"2024-11-02 16:28:44"
"bracket";"parantez/ braket, destekleyici yapý";"numerical methods";"2024-11-03 16:36:50"
"convregent";"yakýnsak, limitte yaklaþan/ bir noktada birleþmek/ benzer fikirlerin bir araya gelmesi";"numerical methods";"2024-11-03 16:36:50"
"contrast";"zýtlýk, karþýtlýk/ tezat oluþturmak, iki þeyi karþýlaþtýrarak farklýlýklarýný vurgulamak";"numerical methods";"2024-11-03 16:36:50"
"diverge";"limitsel olarak uzaklaþma, ulaþmamai terse gitme/ fikirlerin, yollarýn ayrýlmasý";"numerical methods";"2024-11-03 16:36:50"
"converge";"limitsel olarak yaklaþmak, bir noktada birleþmek, benzer fikirlerin bir noktada buluþmasý";"numerical methods";"2024-11-03 16:36:50"
"depiction";"tasvir, betimleme/bir hikaye- olay anlatýmý";"numerical methods";"2024-11-03 16:36:53"
"daemon";"iblis/ arka planda kullanýcýyla doðrudan etkileþime girmeyen bir program-süreç";"operating systems";"2024-11-09 16:38:21"
"latter";"ikincisi";"operating systems";"2024-11-09 16:38:21"
"former";"önceki";"operating systems";"2024-11-09 16:38:21"
"sequentially";"adým adým, belli bir sýra ile";"operating systems";"2024-11-09 16:38:21"
"foreground";"aktif ve kullanýcýnýn dikkatini çeken öðe, kýsým";"operating systems";"2024-11-09 16:38:24"
"interleave";"verilerin- iþlemlerin belirli bir düzen ile birleþtirilmesi, birbirleri ile karýþmasý";"operating systems";"2024-11-09 16:41:28"
"dispersion";"daðýlma, yayýlma";"ibm data analyst";"2024-11-25 09:30:15"
"deviation";"sapma, yoldan çýkma";"ibm data analyst";"2024-11-25 09:37:36"
"variance";"veri kümesindeki bir deðerin ortalamadan ne kadar uzaklaþtýðý, varyans";"ibm data analyst";"2024-11-25 09:39:13"
"standart deviation";"veri kümesinde bir deðerin ortalamadan ne kadar uzaklaþtýðý(varyansýn karekökü)";"ibm data analyst";"2024-11-25 09:44:48"
"confidence intervals";"güven aralýðý, popülasyonda bir parametre tahmin edilirken bunun ne kadar güvenilir olduðu";"ibm data analyst";"2024-11-25 09:53:45"
"generative ai";"üretken yapay zeka";"ibm data analyst";"2024-11-25 15:36:03"
"captivate";"bir þeyi veya birisini büyülemek";"ibm data analyst";"2024-11-25 15:43:05"
"genuine";"eþsiz, gerçek, samimi, dürüst";"ibm data analyst";"2024-11-25 16:35:19"
"warrant";"bir þeyin yapýlmasýný haklý çýkaran resmi, yeterli izin/ garanti";"ibm data analyst";"2024-11-25 16:36:56"
"subbmission";"teslim etmek, boyun eðmek";"ibm data analyst";"2024-11-26 11:31:09"
"flowchart";"sure, algoritma, iþ akýþýný adým adým görselleþtiren diyagram";"ibm data analyst";"2024-11-26 10:03:51"
"profit";"karma, gelir";"ibm data analyst";"2024-11-26 10:03:51"
"invoice";"fatura düzenleme ve gönderme";"ibm data analyst";"2024-11-26 10:03:51"
"cell";"hücre, boþluk";"ibm data analyst";"2024-11-26 10:03:51"
"audit";"kuruluþun mali tablolarýný, yasalar ve doðruluk için finansal açýdan kontrol denetleme";"ibm data analyst";"2024-11-26 10:05:42"
"distill";"damýtma, özünü çýkarma";"github";"2024-11-27 10:09:47"
"ultimate";"nihai, bir sürecin veya amacýn en yüksek, en son, en belirleyici, en iyi durumu";"github";"2024-11-27 10:09:47"
"feature";"ayýrt edici, özellik, vurgulamak";"github";"2024-11-27 10:09:47"
"latent";"gizli, potansiyonel, gözle görülemeyen ancak analiz veya ölçümle ortaya çýkabilen";"github";"2024-11-27 10:09:47"
"aim";"hedef, amaç, niþan almak";"github";"2024-11-27 10:09:47"
"fetch";"bir þeyi bir yerden getirmek/ bir þeyin gelir kazandýrmasý";"github";"2024-11-27 10:09:47"
"candidate";"bir pozisyon, ödül veya görev için deðerlendirilen, baþvuran kimse";"github";"2024-11-27 10:09:48"
"framework";"yaklaþým, yöntem/ çerçeve";"github";"2024-11-27 10:09:48"
"backbone";"omurga, temel güç-destek";"github";"2024-11-27 10:09:48"
"recent";"yakýn bir zamanda gerçekleþen olaylarý belirtir, yeni, son";"github";"2024-11-28 10:09:48"
"neural";"sinirsel, sinir aðlarý";"github";"2024-11-28 10:09:48"
"author";"yazar";"github";"2024-11-28 10:09:48"
"fatigue";"yorgunluk, tükenmiþlik";"github";"2024-11-28 10:09:48"
"endeavor";"çaba, giriþim";"github";"2024-11-28 10:09:48"
"transparency";"þeffaflýk, açýklýk";"github";"2024-11-28 10:09:48"
"relative reference";"hücre adresi formülün taþýndýðý yere göre deðiþir(elektronik tablolarda)";"excel";"2024-11-29 10:09:48"
"absolute reference";"hücre adresi formülün taþýndýðý yere göre deðiþmez, sabittir(elektronik tablolarda)";"excel";"2024-11-29 10:09:48"
"asterisk";"yýldýz iþareti(*), dipnot belirleyici";"excel";"2024-11-29 10:09:48"
"agent";"bir görevi yerine getiren varlýk, yazýlým/ temsilci, aracý, ajan";"excel";"2024-11-29 10:09:48"
"sparse";"bir alanýn, matrisin çoðunlukla boþ, seyrek olmasý";"recommender systems";"2024-12-01 10:09:48"
"hence";"bu nedenle, bir çýkarýmý veya sonucu ifade etmek için kullanýlýr";"recommender systems";"2024-12-01 10:09:48"
"dot";"nokta";"recommender systems";"2024-12-01 10:09:48"
"slope";"eðim";"recommender systems";"2024-12-01 10:09:48"
"intercept";"bir eðrinin-doðrunun baþka bir doðruyu-ekseni-eðriyi kesme/ durdurmak, engellemek";"recommender systems";"2024-12-01 10:09:48"
"residual";"bir modelin tahmin ettiði deðer ile gözlemlenen gerçek deðer arasýndaki fark";"recommender systems";"2024-12-01 10:09:48"
"lingo";"belirli bir grup, alan tarafýndan özgün kullanýlan terimlerin oluþturabileceði dil, jargon";"recommender systems";"2024-12-01 10:09:48"
"derivate";"türev, deðiþim hýzý";"recommender systems";"2024-12-01 10:09:48"
"gradient";"çok deðiþkenli bir fonksiyonun tüm türevlerinin bir vektör olarak bir araya getirilmiþ hali";"recommender systems";"2024-12-01 10:09:48"
"descent";"iniþ, bir fonksiyonun minimum deðerine inmek içi kullanýlan optimizasyon yöntemi";"recommender systems";"2024-12-01 10:09:48"
"propose";"önermek";"recommender systems";"2024-12-01 10:09:48"
"encounter";"raslantý, beklenmedik þekilde meydana gelme";"recommender systems";"2024-12-01 10:09:48"
"thus";"böylece, öyleyse";"recommender systems";"2024-12-01 10:09:48"
"uncertainty";"belirsiz";"recommender systems";"2024-12-01 10:09:49"
"in-dept";"derinlemesine, konuya, alana detaylý þekilde odaklanma";"recommender systems";"2024-12-03 10:53:16"
"involve";"içermek, bir þeyin parçasý olmak, gerektirmek/ birini bir olaya dahil etmek";"recommender systems";"2024-12-03 11:23:55"
"regardless";"ne olursa olsun, raðmen, engelleri dikkate almadan yapma";"recommender systems";"2024-12-03 11:27:08"
"penalize";"cezalandýrmak/ haksýzlýða uðratmak";"recommender systems";"2024-12-03 11:45:32"
"proximity";"benzerlik, yakýnlýk";"recommender systems";"2024-12-03 14:05:14"
"mean";"ortalama/ kaba, narsist";"recommender systems";"2024-12-03 14:07:12"
"cosine";"kosinüs";"recommender systems";"2024-12-03 14:08:57"
"assume";"varsaymak, doðruluðu kanýtlanmadan kabul etmek/ üstlenmek/ duruþ, davranýþ benimsemek";"recommender systems";"2024-12-03 14:32:37"
"due";"bir olayýn beklenen nedenle meydana gelmesi, hak talep etme, borcun ödenmesi gereken zaman";"recommender systems";"2024-12-03 14:35:59"
"infer";"çýkarým yapmak";"recommender systems";"2024-12-03 15:04:53"
"inner";"iç kýsým, merkez/ içsel duygu-düþünce";"recommender systems";"2024-12-03 15:07:18"
"orthogonal";"vektör uzayýnda birbirine dik vektörler";"recommender systems";"2024-12-03 15:22:15"
"orthonormal";"vektör uzayýnda birbirine dik ve eþit büyüklükte vektörler";"recommender systems";"2024-12-03 15:22:40"
"coefficient";"kat sayý";"recommender systems";"2024-12-03 16:35:55"
"inclusion";"bir þeyin bir bütünün parçasý olarak kabul edilmesi, içerme";"recommender systems";"2024-12-03 18:00:07"
"wizard";"sihirbaz/ bir görevi adým adým yerine getirmeye yardýmcý olan rehber arayüzü";"excel";"2024-12-07 21:53:40"
"regulation";"düzenleme, belirli bir alanda kontrol saðlýyan kural-yönerge";"excel";"2024-12-07 22:14:06"
"anonymous";"anonim";"excel";"2024-12-07 22:14:56"
"spelling";"excel'de yazým hatasý kontrol fonksiyonu";"excel";"2024-12-15 10:50:12"
"spell";"bi þeyin açýkça belirtilmesi, harf harf yazýlmasý/ büyü/ kýsa zaman dilimi";"excel";"2024-12-15 10:51:00"
"saprsity";"seyreklik, veri kýtlýðý";"recommender systems";"2024-12-23 12:08:11"
"sigh";"bir duygunun ifadesi olarak derin nefes alýp vermek";"recommender systems";"2024-12-23 12:09:55"
"decoder ring";"þifreli bir mesajýn çözülmesi için kullanýlan araç veya algoritma";"recommender systems";"2024-12-23 12:50:45"
"dimensionality reduction";"boyut azaltma, yükset boyutlu veri kümelerinin daha düþük boyutlu temsillere indirgenmesi";"recommender systems";"2024-12-23 12:55:53"
"explicit";"bir þeyin açýkça ve doðrudan tanýmlanmasý";"recommender systems";"2024-12-23 14:26:49"
"implicit";"dolaylý anlatým, açýkça anlatmama, gizli þekilde anlatma";"recommender systems";"2024-12-23 14:27:32"
"core";"bir sistemin veya uygulamanýn en önemli veya temel bileþeni";"recommender systems";"2024-12-23 14:35:55"
"provision";"bir þeyin, sistemin, hizmetin saðlanmasý, temin edilmesi";"recommender systems";"2024-12-23 14:54:44"
"distinct";"belirgin, farklý, ayýrt edilebilir/ veri sistemlerinde yinelenen verileri kaldýrmak";"recommender systems";"2024-12-23 16:02:37"
"overfitting";"modelin eðitim verisine aþýrý uyum saðlamasý, görmediði verilerde kötü performans";"recommender systems";"2024-12-23 19:43:04"
"regularize";"düzenlemek/ overfitting önlemek için kullanýlan yöntem, ceza terimleri ekler";"recommender systems";"2024-12-23 19:55:34"
"flexibilty";"esneklik";"recommender systems";"2024-12-23 19:56:12"
"tweak";"küçük, ince bir ayar, deðiþiklik yapmak";"recommender systems";"2024-12-23 19:57:56"
"random forest";"gözetimli öðrenme algoritmasý, karar aðaçlarýnýn oluþturduðu topluluk, overfitting azaltýr";"recommender systems";"2024-12-23 20:00:46"
"exaggerate";"abartmak";"recommender systems";"2024-12-23 20:04:38"
"absolute";"kesin, deðiþmez/ mutlak deðer";"recommender systems";"2024-12-23 20:07:55"
"sensitization";"daha duyarlý hale gelme";"recommender systems";"2024-12-23 20:28:21"
"trend";"belirli bir süre boyunca bir deðiþkenin yönü/ eðilim, moda";"recommender systems";"2024-12-23 20:44:12"
"tradeoff";"iki ya da daha fazla hedef arasýnda seçim yapmak ya dengelmek";"recommender systems";"2024-12-23 20:50:46"
"convolution";"bir fonksiyonun bir diðeri ile nasýl birleþtiðini veya örtüþtüðünü gösteren matematiksel iþlem";"recommender systems";"2024-12-23 20:57:54"
"nitty-gritty";"iþin özü, asýl önemli nokta";"recommender systems";"2024-12-23 21:10:57"
"strictly";"tam olarak, sadece, katý bir þekilde, kesinlikle";"recommender systems";"2024-12-23 21:47:49"
